{
  "losses": [
    1.1290330978540273,
    1.0062840030743525,
    0.9185981979736915,
    0.8241796585229727,
    0.7673339797900274,
    0.7254165227596576,
    0.6502257677224966,
    0.6151981491308945,
    0.5777971882086533,
    0.5370112588772407,
    0.5138761286552136,
    0.494063485127229,
    0.47152899091060346,
    0.48488446611624497,
    0.44901735278276295,
    0.4375883409610161,
    0.43064130728061384,
    0.4321672320365906,
    0.38321314178980315,
    0.3969912895789513,
    0.39423399246655977,
    0.38353842267623317,
    0.4021640970156743,
    0.3779079088797936,
    0.3757709012581752,
    0.37744261439029986,
    0.3826871376771193,
    0.3852283450273367,
    0.38638824682969314,
    0.3700331518283257,
    0.36102294921875,
    0.3777170708546272,
    0.37013732011501604,
    0.376857198201693,
    0.3594697897250836,
    0.372903246145982,
    0.376162588596344,
    0.3695883246568533,
    0.36647717081583464,
    0.35313690167206985,
    0.370786373431866,
    0.3641521495122176,
    0.3785240971125089,
    0.36371907133322495,
    0.361867015178387,
    0.3636945646542769,
    0.36779913306236267,
    0.36789055512501645,
    0.37817036417814404,
    0.3637704367821033
  ],
  "metrics": {
    "both": {
      "optimistic": {
        "adjusted_arithmetic_mean_rank": 0.017826280871940683,
        "adjusted_arithmetic_mean_rank_index": 0.9974380750176928,
        "adjusted_geometric_mean_rank_index": 0.9991328963270315,
        "adjusted_hits_at_k": 0.9945021643671403,
        "adjusted_inverse_harmonic_mean_rank": 0.9820926865647635,
        "arithmetic_mean_rank": 1.1648451730418943,
        "count": 6588.0,
        "geometric_mean_rank": 1.0388019292501625,
        "harmonic_mean_rank": 1.0173702527129553,
        "hits_at_1": 0.976775956284153,
        "hits_at_10": 0.9949908925318761,
        "hits_at_3": 0.9864905889496054,
        "hits_at_5": 0.9898299939283546,
        "inverse_arithmetic_mean_rank": 0.8584831899921814,
        "inverse_geometric_mean_rank": 0.9626474228073769,
        "inverse_harmonic_mean_rank": 0.9829263213990824,
        "inverse_median_rank": 1.0,
        "median_absolute_deviation": 0.0,
        "median_rank": 1.0,
        "standard_deviation": 1.881789595000926,
        "variance": 3.541132079853749,
        "z_arithmetic_mean_rank": 130.8119844044283,
        "z_geometric_mean_rank": 85.24313106950822,
        "z_hits_at_k": 260.1268941290844,
        "z_inverse_harmonic_mean_rank": 688.9902479916799
      },
      "pessimistic": {
        "adjusted_arithmetic_mean_rank": 0.017826280871940683,
        "adjusted_arithmetic_mean_rank_index": 0.9974380750176928,
        "adjusted_geometric_mean_rank_index": 0.9991328963270315,
        "adjusted_hits_at_k": 0.9945021643671403,
        "adjusted_inverse_harmonic_mean_rank": 0.9820926865647635,
        "arithmetic_mean_rank": 1.1648451730418943,
        "count": 6588.0,
        "geometric_mean_rank": 1.0388019292501625,
        "harmonic_mean_rank": 1.0173702527129553,
        "hits_at_1": 0.976775956284153,
        "hits_at_10": 0.9949908925318761,
        "hits_at_3": 0.9864905889496054,
        "hits_at_5": 0.9898299939283546,
        "inverse_arithmetic_mean_rank": 0.8584831899921814,
        "inverse_geometric_mean_rank": 0.9626474228073769,
        "inverse_harmonic_mean_rank": 0.9829263213990824,
        "inverse_median_rank": 1.0,
        "median_absolute_deviation": 0.0,
        "median_rank": 1.0,
        "standard_deviation": 1.881789595000926,
        "variance": 3.541132079853749,
        "z_arithmetic_mean_rank": 130.8119844044283,
        "z_geometric_mean_rank": 85.24313106950822,
        "z_hits_at_k": 260.1268941290844,
        "z_inverse_harmonic_mean_rank": 688.9902479916799
      },
      "realistic": {
        "adjusted_arithmetic_mean_rank": 0.017826281715982596,
        "adjusted_arithmetic_mean_rank_index": 0.9974380741605332,
        "adjusted_geometric_mean_rank_index": 0.9991328967908892,
        "adjusted_hits_at_k": 0.9945021643671403,
        "adjusted_inverse_harmonic_mean_rank": 0.9820927361892151,
        "arithmetic_mean_rank": 1.1648452281951904,
        "count": 6588.0,
        "geometric_mean_rank": 1.038801908493042,
        "harmonic_mean_rank": 1.0173702239990234,
        "hits_at_1": 0.976775956284153,
        "hits_at_10": 0.9949908925318761,
        "hits_at_3": 0.9864905889496054,
        "hits_at_5": 0.9898299939283546,
        "inverse_arithmetic_mean_rank": 0.8584831357002258,
        "inverse_geometric_mean_rank": 0.9626474380493164,
        "inverse_harmonic_mean_rank": 0.9829263687133789,
        "inverse_median_rank": 1.0,
        "median_absolute_deviation": 0.0,
        "median_rank": 1.0,
        "standard_deviation": 1.8817894458770752,
        "variance": 3.5411317348480225,
        "z_arithmetic_mean_rank": 130.81198429201356,
        "z_geometric_mean_rank": 85.24313110908322,
        "z_hits_at_k": 260.1268941290844,
        "z_inverse_harmonic_mean_rank": 688.9902828058717
      }
    },
    "head": {
      "optimistic": {
        "adjusted_arithmetic_mean_rank": 0.012857310013972344,
        "adjusted_arithmetic_mean_rank_index": 0.9984614313561683,
        "adjusted_geometric_mean_rank_index": 0.9993697330160173,
        "adjusted_hits_at_k": 0.9958147823233758,
        "adjusted_inverse_harmonic_mean_rank": 0.9795120748340859,
        "arithmetic_mean_rank": 1.1341833636915604,
        "count": 3294.0,
        "geometric_mean_rank": 1.0408639810313312,
        "harmonic_mean_rank": 1.0202171828523865,
        "hits_at_1": 0.970856102003643,
        "hits_at_10": 0.99605343047966,
        "hits_at_3": 0.9872495446265938,
        "hits_at_5": 0.9902853673345476,
        "inverse_arithmetic_mean_rank": 0.8816916488222698,
        "inverse_geometric_mean_rank": 0.9607403255602702,
        "inverse_harmonic_mean_rank": 0.9801834519235777,
        "inverse_median_rank": 1.0,
        "median_absolute_deviation": 0.0,
        "median_rank": 1.0,
        "standard_deviation": 1.2618221701995662,
        "variance": 1.592195189207143,
        "z_arithmetic_mean_rank": 98.67363695791386,
        "z_geometric_mean_rank": 59.62275375214408,
        "z_hits_at_k": 232.42067658075942,
        "z_inverse_harmonic_mean_rank": 597.8115213059372
      },
      "pessimistic": {
        "adjusted_arithmetic_mean_rank": 0.012857310013972344,
        "adjusted_arithmetic_mean_rank_index": 0.9984614313561683,
        "adjusted_geometric_mean_rank_index": 0.9993697330160173,
        "adjusted_hits_at_k": 0.9958147823233758,
        "adjusted_inverse_harmonic_mean_rank": 0.9795120748340859,
        "arithmetic_mean_rank": 1.1341833636915604,
        "count": 3294.0,
        "geometric_mean_rank": 1.0408639810313312,
        "harmonic_mean_rank": 1.0202171828523865,
        "hits_at_1": 0.970856102003643,
        "hits_at_10": 0.99605343047966,
        "hits_at_3": 0.9872495446265938,
        "hits_at_5": 0.9902853673345476,
        "inverse_arithmetic_mean_rank": 0.8816916488222698,
        "inverse_geometric_mean_rank": 0.9607403255602702,
        "inverse_harmonic_mean_rank": 0.9801834519235777,
        "inverse_median_rank": 1.0,
        "median_absolute_deviation": 0.0,
        "median_rank": 1.0,
        "standard_deviation": 1.2618221701995662,
        "variance": 1.592195189207143,
        "z_arithmetic_mean_rank": 98.67363695791386,
        "z_geometric_mean_rank": 59.62275375214408,
        "z_hits_at_k": 232.42067658075942,
        "z_inverse_harmonic_mean_rank": 597.8115213059372
      },
      "realistic": {
        "adjusted_arithmetic_mean_rank": 0.012857310502995703,
        "adjusted_arithmetic_mean_rank_index": 0.9984614308615377,
        "adjusted_geometric_mean_rank_index": 0.9993697328656014,
        "adjusted_hits_at_k": 0.9958147823233758,
        "adjusted_inverse_harmonic_mean_rank": 0.9795121061053539,
        "arithmetic_mean_rank": 1.134183406829834,
        "count": 3294.0,